ID;Vorname;Nachname;Bundesministeramt;Geschlecht;Von;Bis;Geboren;Alter bei Antritt des Amts;Partei;Höchster Abschluss nach DQR;DQR Niveau;Link
#001;Joschka;Fischer;Auswärtiges;M;1998;2005;1948;50;Bündnis 90/Die Grünen;Mittlerer Schulabschluss;3;https://de.wikipedia.org/wiki/Joschka_Fischer#:~:text=April%201948%20in%20Gerabronn)%20ist,Januar%201999%20bis%20zum%2030.&text=Ein%20knappes%20Jahr%20nach%20der,aus%20der%20aktiven%20Politik%20zur%C3%BCck.
#002;Hans;Klein;Besondere Aufgaben;M;1989;1990;1931;58;CSU;Mittlerer Schulabschluss;3;https://de.wikipedia.org/wiki/Hans_Klein_(Politiker,_1931)
#003;Alex;Möller;Finanzen;M;1969;1971;1903;66;SPD;Mittlerer Schulabschluss (MSA);3;https://de.wikipedia.org/wiki/Alex_M%C3%B6ller
#004;Walter ;Arendt;Arbeit und Sozialordnung;M;1969;1976;1925;44;SPD;Ausbildung Bergmann;4;https://de.wikipedia.org/wiki/Walter_Arendt
#005;Egon ;Bahr;Wirtschaftliche Zusammenarbeit;M;1974;1976;1922;52;SPD;Ausbildung Industriekaufmann;4;https://de.wikipedia.org/wiki/Egon_Bahr
#006;Theodor;Blank;Arbeit und Sozialordnung;M;1957;1965;1905;52;CDU;Theodor Blank;4;https://de.wikipedia.org/wiki/Theodor_Blank#:~:text=Theodor%20Anton%20Blank%20(*%2019,Verteidigung)%2C%20aufbaute%20und%20leitete.
#007;Kurt;Bodewig;Verkehr, Bau und Wohnungswesen;M;2000;2002;1955;45;SPD;Fachgebundene Hochschulreife;4;https://de.wikipedia.org/wiki/Kurt_Bodewig#:~:text=9%20Einzelnachweise-,Leben%20und%20Beruf,1976%20mit%20dem%20Fachabitur%20verlie%C3%9F.&text=2007%20wurde%20Bodewig%20zum%20Pr%C3%A4sidenten%20der%20Deutschen%20Verkehrswacht%20e.
#008;Willy;Brandt;Auswärtiges;M;1966;1969;1913;53;SPD;Allgemeine Hochschulreife (AHR);4;https://de.wikipedia.org/wiki/Willy_Brandt
#009;Aenne;Brauksiepe;Familie und Jugend;W;1968;1969;1912;56;CDU;Allgemeine Hochschulreife (AHR);4;https://de.wikipedia.org/wiki/Aenne_Brauksiepe
#010;Egon;Franke;Innderdeutsche Beziehungen;M;1969;1982;1913;56;SPD;Ebenist ( Kunstschreiner);4;https://de.wikipedia.org/wiki/Egon_Franke
#011;Antje;Huber;Jugend, Familie und Gesundheit;W;1976;1982;1924;52;SPD;Allgemeine Hochschulreife;4;https://de.wikipedia.org/wiki/Antje_Huber#:~:text=Antje%20Huber%20geb.,f%C3%BCr%20Jugend%2C%20Familie%20und%20Gesundheit.
#012;Hans;Katzer;Arbeit und Sozialordnung;M;1965;1969;1919;46;CDU;Kaufmännische Lehre;4;https://de.wikipedia.org/wiki/Hans_Katzer
#013;Georg;Leber;Verteidigung;M;1972;1978;1920;52;SPD;Maurerlehre;4;https://de.wikipedia.org/wiki/Georg_Leber
#014;Paul;Lücke;Inneres;M;1965;1968;1914;51;CDU;Schlosser Lehre;4;https://de.wikipedia.org/wiki/Paul_L%C3%BCcke#:~:text=Paul%20L%C3%BCcke%20(*%2013.,bis%201968%20Bundesminister%20des%20Innern.
#015;Franz;Müntefering;Arbeit und Soziales;M;2005;2007;1940;65;SPD;Industriekaufmann;4;https://de.wikipedia.org/wiki/Franz_M%C3%BCntefering#:~:text=Franz%20M%C3%BCntefering%20(*%2016.,Wohnungswesen%20im%20ersten%20Kabinett%20Schr%C3%B6der.
#016;Karl;Ravens;Raumordnung, Bauwesen und Städtebau;M;1974;1978;1927;47;SPD;Kraftfahrzeugschlosser ;4;https://de.wikipedia.org/wiki/Karl_Ravens#:~:text=Karl%20Ravens%20(*%2029.,f%C3%BCr%20Raumordnung%2C%20Bauwesen%20und%20St%C3%A4dtebau.
#017;Hannelore;Rönsch;Familie und Senioren;W;1991;1994;1942;49;CDU;Fachhochschulreife;4;https://de.wikipedia.org/wiki/Hannelore_R%C3%B6nsch#:~:text=Von%201974%20bis%201980%20war,der%20CDU%2FCSU%2DBundestagsfraktion.
#018;Walter ;Scheel;Auswärtiges;M;1969;1974;1919;50;FDP;Banklehre;4;https://de.wikipedia.org/wiki/Walter_Scheel
#019;Renate;Schmidt;Familie, Senioren, Frauen und Jugend;W;2002;2005;1943;59;SPD;Ausbildung Fachinformatiker;4;https://de.wikipedia.org/wiki/Renate_Schmidt
#020;Kurt;Schmücker;Wirtschaft;M;1963;1966;1919;44;CDU;Buchdruckerlehre, Jounralistische und verlegerische Ausbildung;4;https://de.wikipedia.org/wiki/Kurt_Schm%C3%BCcker#:~:text=Karl%20Bernhard%20Kurt%20Schm%C3%BCcker%20(*,von%201966%20bis%201969%20Bundesschatzminister.
#021;Käte;Strobel;Jugend, Familie und Gesundheit;W;1969;1972;1907;62;SPD;Kaufmännische Ausbildung;4;https://de.wikipedia.org/wiki/K%C3%A4te_Strobel
#022;Richard;Stücklen;Post- und Fernmeldewesen;M;1957;1966;1916;41;CDU;Ausbildung Elektroingenieur;4;https://de.wikipedia.org/wiki/Richard_St%C3%Bccklen
#023;Kai-Uwe;von Hassel;Verteidigung;M;1963;1966;1913;50;CDU;Pflanzungskaufmann;4;https://de.wikipedia.org/wiki/Kai-Uwe_von_Hassel
#024;Herbert;Wehnert;Gesamtdeutsche Fragen;M;1966;1969;1906;60;SPD;Kaufmännische Lehre;4;https://de.wikipedia.org/wiki/Herbert_Wehner
#025;Heinz;Westphal;Arbeit und Sozialordnung;M;1982;1982;1924;58;SPD;Lehre als Flugmotorenschlosser ;4;https://de.wikipedia.org/wiki/Heinz_Westphal
#026;Heinrich;Windelen;Innerdeutsche Beziehungen;M;1983;1987;1921;62;CDU;Kaufmännische Ausbildung;4;https://de.wikipedia.org/wiki/Heinrich_Windelen#:~:text=Heinrich%20Windelen%20(*%2025.,1987%20Bundesminister%20f%C3%BCr%20innerdeutsche%20Beziehungen.
#027;Hans-Jürgen;Wischnewski;Wirtschaftliche Zusammenarbeit;M;1966;1968;1922;44;SPD;Allgemeine Hochschulreife (AHR);4;https://de.wikipedia.org/wiki/Hans-J%C3%BCrgen_Wischnewski
#028;Ilse;Aigner;Ernährung, Landwirtschaft und Verbraucherschutz;W;2008;2013;1964;44;CSU;Staatlich geprüfte Elektrotechnikerin;6;https://de.wikipedia.org/wiki/Ilse_Aigner
#029;Franziska;Giffey;Familie, Senioren, Frauen und Jugend;W;2018;2020;1978;40;SPD;Diplom-Verwaltungswirtin (F.H.);6;https://de.wikipedia.org/wiki/Franziska_Giffey#:~:text=Zusammen%20mit%20ihrem%20Bruder%20wuchs,den%20F%C3%A4chern%20Englisch%20und%20Franz%C3%B6sisch.
#030;Michael;Glos;Wirtschaft und Technologie;M;2005;2009;1944;61;CSU;Meister im Müllerhandwerk;6;https://de.wikipedia.org/wiki/Michael_Glos#:~:text=Michael%20Glos%20(*%2014.,der%20CDU%2FCSU%2DBundestagsfraktion.
#031;Kurt;Gscheidle;Post- und Fernmeldewesen;M;1980;1982;1924;56;SPD;REFA-Ingenieur;6;https://de.wikipedia.org/wiki/Kurt_Gscheidle
#032;Hubertus;Heil;Arbeit und Soziales;M;2018;2020;1972;46;SPD;Fernstudium Politologie und Soziologie;6;https://de.wikipedia.org/wiki/Hubertus_Heil#:~:text=Heil%20trat%201988%20der%20SPD,von%201991%20bis%201995%20war.&text=Seit%202009%20ist%20er%20Vorsitzender,Auf%20dem%20Bundesparteitag%20am%206.
#033;Dirk;Niebel;Wirtschaftliche Zusammenarbeit und Entwicklung;M;2009;2013;1963;46;FDP;Diplom-Verwaltungswirt (FH);6;https://de.wikipedia.org/wiki/Dirk_Niebel#:~:text=M%C3%A4rz%201963%20in%20Hamburg)%20ist,Entwicklung%20im%20Kabinett%20Merkel%20II.
#034;Walter ;Riester;Arbeit und Sozialordnung;M;1998;2002;1943;55;SPD;Fliesenlegermeister;6;https://de.wikipedia.org/wiki/Walter_Riester#:~:text=8%20Einzelnachweise-,Leben%20und%20Beruf,1960%20eine%20Ausbildung%20zum%20Fliesenleger.&text=Danach%20war%20Riester%20von%201980,IG%20Metall%20Baden%2DW%C3%BCrttemberg%20antrat.
#035;Helmut;Rohde;Bildung und Wissenschaft;M;1974;1978;1925;49;SPD;Studium (FH);6;https://de.wikipedia.org/wiki/Helmut_Rohde#:~:text=November%201925%20in%20Hannover%3B%20%E2%80%A0,Architekt%20und%20Pionier%20des%20Sozialstaats%E2%80%9C.
#036;Werner;Schwarz;Ernährung, Landwirtschaft und Forsten;M;1959;1965;1900;59;CDU;Studium Landwirtschaft;6;https://de.wikipedia.org/wiki/Werner_Schwarz_(Politiker,_1900)
#037;Manuela;Schwesig;Familie, Senioren, Frauen und Jugend;W;2013;2017;1974;39;SPD;Diplom-Finanzwirtin, FH;6;https://de.wikipedia.org/wiki/Manuela_Schwesig
#038;Peter;Altmaier;Wirtschaft und Energie;M;2018;2020;1958;60;CDU;2tes Staatsexam Rechtswissenschaften;7;https://de.wikipedia.org/wiki/Peter_Altmaier#:~:text=Peter%20Altmaier%20(*%2018.,Davor%20war%20er%20%E2%80%93%20seit%2017.
#039;Daniel;Bahr;Gesundheit;M;2011;2013;1976;35;FDP;Studium Business Management mit dem Schwerpunkt International Health Care and Hospital Management (Abschluss: Master of Business Administration);7;https://de.wikipedia.org/wiki/Daniel_Bahr#:~:text=Daniel%20Bahr%20wurde%201976%20als,Bank%20in%20Schwerin%20und%20Hamburg.
#040;Gerhart;Baum;Inneres;M;1978;1982;1932;46;FDP;2tes Staatsexam Rechtswissenschaften;7;https://de.wikipedia.org/wiki/Gerhart_Baum
#041;Ernst;Benda;Inneres;M;1968;1969;1925;43;CDU;2tes Staatsexam Rechtswissenschaften;7;https://de.wikipedia.org/wiki/Ernst_Benda#:~:text=Benda%20war%20von%201967%20bis,Pr%C3%A4sident%20des%20Medienrats%20Berlin%2DBrandenburg.
#042;Friedrich;Bohl;Besondere Aufgaben;M;1991;1998;1945;46;CDU;2tes Staatsexam Rechtswissenschaften;7;https://de.wikipedia.org/wiki/Friedrich_Bohl
#043;Jochen;Borchert;Ernährung, Landwirtschaft und Forsten;M;1993;1998;1940;53;CDU;Diplom-Ökonom (Univ.);7;https://de.wikipedia.org/wiki/Jochen_Borchert#:~:text=Jochen%20Borchert%20wurde%20in%20Nahrstedt,als%20Sohn%20eines%20Landwirts%20geboren.&text=Nach%20der%20Mittleren%20Reife%20absolvierte,hier%20den%20Abschluss%20als%20Agraringenieur.
#044;Rainer;Brüderle;Wirtschaft und Technologie;M;2009;2011;1945;64;FDP;Dimplom-Volkswirt (Univ.) ;7;https://de.wikipedia.org/wiki/Rainer_Br%C3%BCderle#:~:text=Rainer%20Br%C3%BCderle%20(*%2022.,2011%20stellvertretender%20Bundesvorsitzender%20der%20FDP.
#045;Edelgard;Bulmahn;Bildung und Forschung;W;1998;2005;1951;47;SPD;2tes Staatsexam Rechtswissenschaften ;7;https://de.wikipedia.org/wiki/Edelgard_Bulmahn#:~:text=Edelgard%20Bulmahn%20(*%204.,ihr%20als%20Bildungsministerin%20initiierten%20bzw.
#046;Wolfgang ;Clement;Wirtschaft und Arbeit;M;2002;2005;1940;62;SPD;1tes Staatsexam Rechtswissenschaften;7;https://de.wikipedia.org/wiki/Wolfgang_Clement#:~:text=September%202020%20in%20Bonn)%20war,Wirtschaftsminister%20und%201998%20schlie%C3%9Flich%20Ministerpr%C3%A4sident.
#047;Herta;Däubler-Gmelin;Justiz;W;1998;2002;1943;55;SPD;2tes Staatsexam Rechtswissenschaften;7;https://de.wikipedia.org/wiki/Herta_D%C3%A4ubler-Gmelin#:~:text=Herta%20D%C3%A4ubler%2DGmelin%20%5B%2D'%C9%A1me%CB%90li%CB%90n,2009%20dem%20Deutschen%20Bundestag%20an.
#048;Lothar;de Maiziere;Besondere Aufgaben;M;1990;1990;1940;50;CDU;2tes Staatsexam Rechtswissenschaften;7;https://de.wikipedia.org/wiki/Lothar_de_Maizi%C3%A8re#:~:text=Lothar%20de%20Maizi%C3%A8re%20war%20seit,November%201989%20bis%201990%20Vorsitzender.
#049;Alexander;Dobrindt;Verkehr und digitale Infrastruktur;M;2013;2017;1970;43;CSU;Diplom-Soziologe (Univ.);7;https://de.wikipedia.org/wiki/Alexander_Dobrindt#:~:text=9%20Einzelnachweise-,Leben%20und%20Beruf,1995%20als%20Diplom%2DSoziologe%20beendete.&text=Alexander%20Dobrindt%20geh%C3%B6rt%20der%20r%C3%B6misch,verheiratet%20und%20hat%20einen%20Sohn.
#050;Hans ;Eichel;Finanzen;M;1999;2005;1941;58;SPD;2tes Staatsexam Lehrämter der Sekundarstufe II;7;https://de.wikipedia.org/wiki/Hans_Eichel#:~:text=Dezember%201941%20in%20Kassel)%20ist,bis%202005%20Bundesminister%20der%20Finanzen.
#051;Hans Arnold;Engelhard;Justiz;M;1982;1991;1934;48;FDP;2tes Staatsexam Rechtswissenschaften;7;https://de.wikipedia.org/wiki/Hans_A._Engelhard#:~:text=Hans%20Arnold%20Engelhard%20(*%2016,Januar%201991%20Bundesminister%20der%20Justiz.
#052;Björn;Engholm;Bildung und Wissenschaft;M;1981;1982;1939;42;SPD;Diplom-Politologe (Univ.);7;https://de.wikipedia.org/wiki/Bj%C3%B6rn_Engholm
#053;Josef;Ertl;Ernährung, Landwirtschaft und Forsten;M;1969;1983;1925;44;FDP;Diplomlandwirt;7;https://de.wikipedia.org/wiki/Josef_Ertl#:~:text=Ertl%20wurde%20als%20Sohn%20eines,Soldat%20am%20Zweiten%20Weltkrieg%20teil.&text=Josef%20Ertl%20war%20seit%201953,Bundeslandwirtschaftsministers%2C%20Wilhelm%20Niklas%2C%20verheiratet.
#054;Andrea;Fischer;Gesundheit;W;1998;2001;1960;38;Bündnis 90/Die Grünen;Diplom Volkswirtschaftslehre  (Univ.);7;https://de.wikipedia.org/wiki/Andrea_Fischer_(Politikerin,_1960)
#055;Anke;Fuchs;Jugend, Familie und Gesundheit;W;1982;1982;1937;45;SPD;2tes Staatsexam Rechtswissenschaften;7;https://de.wikipedia.org/wiki/Anke_Fuchs#:~:text=Anke%20Fuchs%20geb.,2002%20Vizepr%C3%A4sidentin%20des%20Deutschen%20Bundestages.
#056;Karl-Heinz;Funke;Ernährung, Landwirtschaft und Forsten;M;1998;2001;1946;52;SPD;2tes Staatsexam Lehrämter der Sekundarstufe II;7;https://de.wikipedia.org/wiki/Karl-Heinz_Funke#:~:text=Karl%2DHeinz%20Funke%20(*%2029,im%20Landkreis%20Friesland%20in%20Niedersachsen.
#057;Sigmar ;Gabriel;Auswärtiges;M;2017;2018;1959;58;SPD;2tes Staatsexam Lehrämter der Sekundarstufe II;7;https://de.wikipedia.org/wiki/Sigmar_Gabriel
#058;Hans-Dietrich;Genscher;Inneres;M;1969;1974;1927;42;FDP;2tes juristisches Staatsexam;7;https://de.wikipedia.org/wiki/Hans-Dietrich_Genscher
#059;Hermann;Gröhe;Gesundheit;M;2013;2018;1961;52;CDU;2tes Staatsexam Rechtswissenschaften;7;https://de.wikipedia.org/wiki/Hermann_Gr%C3%B6he#:~:text=Hermann%20Gr%C3%B6he%20(*%2025.%20Februar,Gesundheit%20im%20Kabinett%20Merkel%20III.&text=Am%2028.%20Oktober%202009%20wurde,Generalsekret%C3%A4r%20der%20CDU%20Deutschlands%20gew%C3%A4hlt.
#060;Gerda;Hasselfeldt;Gesundheit;W;1991;1992;1959;32;CSU;Diplom-Volkswirtin (Univ.);7;https://de.wikipedia.org/wiki/Gerda_Hasselfeldt#:~:text=Gerda%20Hasselfeldt%20(geborene%20Rainer%2C%20*,bis%201992%20Bundesministerin%20f%C3%BCr%20Gesundheit.
#061;Hermann;Höcherl;Ernährung, Landwirtschaft und Forsten;M;1965;1969;1912;53;CSU;Große juristische Staatsprüfung;7;https://de.wikipedia.org/wiki/Hermann_H%C3%B6cherl#:~:text=Hermann%20H%C3%B6cherl%20(*%2031.,f%C3%BCr%20Ern%C3%A4hrung%2C%20Landwirtschaft%20und%20Forsten.
#062;Bodo;Hombach;Besondere Aufgaben;M;1998;1999;1952;46;SPD;Diplom-Sozialarbeiter;7;https://de.wikipedia.org/wiki/Bodo_Hombach#:~:text=Bodo%20Hombach%20(*%2019.,in%20der%20ersten%20Regierung%20Schr%C3%B6der.
#063;Gerhard;Jahn;Justiz;M;1969;1974;1927;42;SPD;2tes juristisches Staatsexam;7;https://nds.wikipedia.org/wiki/Gerhard_Jahn
#064;Manfred;Kanther;Inneres;M;1993;1998;1939;54;CDU;2tes Staatsexam Rechtswissenschaften;7;https://de.wikipedia.org/wiki/Manfred_Kanther
#065;Anja;Karliczek;Bildung und Forschung;W;2018;2020;1971;47;CDU;Diplom-Kauffrau;7;https://de.wikipedia.org/wiki/Anja_Karliczek#:~:text=Anja%20Karliczek%20wuchs%20mit%20zwei,wurde%20dort%20als%20Angestellte%20%C3%BCbernommen.&text=Karliczek%20ist%20seit%201995%20mit%20dem%20Piloten%20Lothar%20Karliczek%20verheiratet.
#066;Ignaz;Kiechle;Ernährung, Landwirtschaft und Forsten;M;1983;1993;1930;53;CSU;Landwirtschaftlicher Lehrmeister;7;https://de.wikipedia.org/wiki/Ignaz_Kiechle
#067;Kurt Georg;Kiesinger;Bundeskanzler;M;1966;1969;1904;62;CDU;2tes Staatsexam Rechtswissenschaften;7;https://de.wikipedia.org/wiki/Kurt_Georg_Kiesinger
#068;Reinhard;Klimmt;Verkehr, Bau- und Wohnungswesen;M;1999;2000;1942;57;SPD;Studium Geschichte;7;https://de.wikipedia.org/wiki/Reinhard_Klimmt#:~:text=Reinhard%20Klimmt%20(*%2016.,Verkehr%2C%20Bau%2D%20und%20Wohnungswesen.
#069;Julia;Klöckner;Ernährung und Landwirtschaft;W;2018;2020;1972;46;CDU;Magister Artium in Politikwissenschaften, Theologie und Pädagogik;7;https://de.wikipedia.org/wiki/Julia_Kl%C3%B6ckner#:~:text=Julia%20Kl%C3%B6ckner%20(*%2016.,Sie%20ist%20seit%20dem%2014.&text=Von%202002%20bis%202011%20war,f%C3%BCr%20Ern%C3%A4hrung%2C%20Landwirtschaft%20und%20Verbraucherschutz.
#070;Annegret;Kramp-Karrenbauer;Verteidigung;W;2019;2020;1962;57;CDU;Magistra Artium Rpolitk- und Rechtswissenschaften;7;https://de.wikipedia.org/wiki/Annegret_Kramp-Karrenbauer
#071;Renate;Künast;Verbraucherschutz, Ernährung und Landwirtschaft;W;2001;2005;1955;46;Bündnis 90/Die Grünen;2tes Staatsexam Rechtswissenschaften;7;https://de.wikipedia.org/wiki/Renate_K%C3%BCnast#:~:text=Renate%20Elly%20K%C3%BCnast%20(*%2015,2002%20Mitglied%20des%20Deutschen%20Bundestages.&text=Von%202014%20bis%20Januar%202018%20war%20sie%20Vorsitzende%20des%20Rechtsausschusses%20des%20Bundestages.
#072;Oskar;Lafontaine;Finanzen;M;1998;1999;1943;55;SPD;Diplomphysiker ;7;https://de.wikipedia.org/wiki/Oskar_Lafontaine
#073;Manfred;Lahnstein;Finanzen;M;1982;1982;1937;45;SPD;Diplom-Kaufmann;7;https://de.wikipedia.org/wiki/Manfred_Lahnstein#:~:text=Manfred%20Lahnstein%20(*%2020.,f%C3%BCr%20die%20Bertelsmann%20AG%20t%C3%A4tig.
#074;Christine;Lambrecht;Justiz und Verbraucherschutz;W;2019;2020;1965;54;SPD;2tes Staatsexam Rechtswissenschaften;7;https://de.wikipedia.org/wiki/Christine_Lambrecht#:~:text=1982%20trat%20Christine%20Lambrecht%20in,Lambrecht%20Mitglied%20des%20Deutschen%20Bundestages.
#075;Ernst;Lemmer;Vertriebene, Flüchtlinge und Kriegsgeschädigte;M;1964;1965;1898;66;CDU;Studium Volkswirtschaft;7;https://de.wikipedia.org/wiki/Ernst_Lemmer
#076;Hans;Lenz;Wissenschaftliche Forschung;M;1962;1965;1907;55;FDP;1ste Philologischen Staatsexam;7;https://de.wikipedia.org/wiki/Hans_Lenz
#077;Sabine ;Leutheusse-Schnarrenberger;Justiz;W;2009;2013;1951;58;FDP;2tes Staatsexam Rechtswissenschaften;7;https://de.wikipedia.org/wiki/Sabine_Leutheusser-Schnarrenberger
#078;Heiko;Maas;Auswärtiges;M;2018;2020;1966;52;SPD;2tes Staatsexam Rechtswissenschaften;7;https://de.wikipedia.org/wiki/Heiko_Maas#:~:text=Heiko%20Josef%20Maas%20(*%2019,Ausw%C3%A4rtigen%20im%20Kabinett%20Merkel%20IV.&text=Von%202000%20bis%202018%20war,2004%2C%202009%20und%202012%20war.
#079;Hans;Matthöfer;Finanzen;M;1978;1982;1925;53;SPD;Dipl.-Volkswirt;7;https://de.wikipedia.org/wiki/Hans_Matth%C3%B6fer#:~:text=Hans%20Hermann%20Matth%C3%B6fer%20(*%2025,f%C3%BCr%20das%20Post%2D%20und%20Fernmeldewesen.
#080;Jürgen;Möllemann;Bildung und Wissenschaft;M;1987;1991;1945;42;FDP;Staatsexam Lehrämter der Sekundarstufe I;7;https://de.wikipedia.org/wiki/J%C3%BCrgen_M%C3%B6llemann#:~:text=J%C3%BCrgen%20Wilhelm%20M%C3%B6llemann%20(*%2015,ab%20Mai%201992%20zudem%20Vizekanzler.
#081;Andrea;Nahles;Arbeit und Soziales;W;2013;2017;1970;43;SPD;Magister Germanistik;7;https://de.wikipedia.org/wiki/Andrea_Nahles
#082;Alois;Niederalt;Angelegenheiten des Bundesrates und der Länder;M;1962;1966;1911;51;CSU;2tes Staatsexam Rechtswissenschaften;7;https://de.wikipedia.org/wiki/Alois_Niederalt
#083;Claudia ;Nolte;Familie, Senioren, Frauen und Jugend;W;1994;1998;1966;28;CDU;Diplom-Ingenieruin (Univ.);7;https://de.wikipedia.org/wiki/Claudia_Nolte#:~:text=Claudia%20Crawford%2C%20geborene%20Wiesem%C3%BCller%2C%20geschiedene,%2C%20Senioren%2C%20Frauen%20und%20Jugend.
#084;Rainer;Offergeld;Wirtschaftliche Zusammenarbeit;M;1978;1982;1937;41;SPD;2tes Staatsexam Rechtswissenschaften;7;https://de.wikipedia.org/wiki/Rainer_Offergeld#:~:text=Rainer%20Offergeld%20(*%2026.,als%20Bundesminister%20f%C3%BCr%20wirtschaftliche%20Zusammenarbeit.
#085;Eduard;Oswald;Raumordnung, Bauwesen und Städtebau;M;1998;1998;1947;51;CSU;Staatsexam Lehrämter der Sekundarstufe I;7;https://de.wikipedia.org/wiki/Eduard_Oswald#:~:text=Oswald%20geh%C3%B6rte%20von%201972%20bis,der%20CDU%2FCSU%2DBundestagsfraktion.
#086;Ronald;Pofalla;Besondere Aufgaben;M;2009;2013;1959;50;CDU;2tes Staatsexam Rechtswissenschaften;7;https://de.wikipedia.org/wiki/Ronald_Pofalla#:~:text=Ronald%20Pofalla%20(*%2015.,Bundestagsfraktion%20sowie%20Generalsekret%C3%A4r%20der%20CDU.
#087;Volker;Rühe;Verteidigung;M;1992;1998;1942;50;CDU;Staatsexam höheres Lehramt;7;https://de.wikipedia.org/wiki/Volker_R%C3%Bche
#088;Rudolf;Scharping;Verteidigung;M;1998;2002;1947;51;SPD;Magisterarbeit  Politikwissenschaft;7;https://de.wikipedia.org/wiki/Rudolf_Scharping#:~:text=Rudolf%20Albert%20Scharping%20(*%202,bis%202002%20Bundesminister%20der%20Verteidigung.
#089;Otto;Schily;Inneres;M;1998;2005;1932;66;SPD;2tes Staatsexam Rechtswissenschaften;7;https://de.wikipedia.org/wiki/Otto_Schily#:~:text=Otto%20Georg%20Schily%20(*%2020,November%201989%20zur%20SPD%20wechselte.
#090;Marie;Schlei;Wirtschaftliche Zusammenarbeit;W;1976;1978;1919;57;SPD;Staatsexam Lehramt;7;https://de.wikipedia.org/wiki/Marie_Schlei#:~:text=Marie%20Schlei%2C%20geb.,1978%20Bundesministerin%20f%C3%BCr%20wirtschaftliche%20Zusammenarbeit.
#091;Christian;Schmidt;Ernährung und Landwirtschaft;M;2014;2018;1957;57;CSU;2tes Staatsexam Rechtswissenschaften;7;https://de.wikipedia.org/wiki/Christian_Schmidt#:~:text=Seit%201990%20ist%20Schmidt%20Mitglied,Europa)%20der%20CSU%2DLandesgruppe.&text=Von%201994%20bis%201998%20war,Vorsitzender%20der%20deutsch%2Dbritischen%20Parlamentariergruppe.
#092;Ulla;Schmidt;Gesundheit;W;2005;2009;1949;56;SPD;Staatsexam Lehramt;7;https://de.wikipedia.org/wiki/Ulla_Schmidt_(Politikerin,_1949)#:~:text=Schmidt%20war%20von%201989%20bis,sie%20Mitglied%20des%20Deutschen%20Bundestages.&text=Schmidt%20ist%201990%20und%201994,Aachen%20in%20den%20Bundestag%20eingezogen.
#093;Helmut;Schmidt;Auswärtiges;M;1982;1982;1918;64;SPD;Diplom-Volkswirt;7;https://de.wikipedia.org/wiki/Helmut_Schmidt#:~:text=Helmut%20Heinrich%20Waldemar%20Schmidt%20(*,f%C3%BCnfte%20Bundeskanzler%20der%20Bundesrepublik%20Deutschland.
#094;Olaf;Scholz;Finanzen;M;2018;2020;1958;60;SPD;2tes Staatsexam Rechtswissenschaften;7;https://de.wikipedia.org/wiki/Olaf_Scholz
#095;Gerhard Fritz Kurt ;Schröder;Bundeskanzler;M;1998;2005;1944;54;SPD;2tes Staatsexam Rechtswissenschaften;7;https://de.wikipedia.org/wiki/Gerhard_Schr%C3%B6der
#096;Svenja;Schulze;Umwelt, Naturschutz und nukleare Sicherheit;W;2018;2020;1968;50;SPD;Magister Germanistik und Politikwissenschaften;7;https://de.wikipedia.org/wiki/Svenja_Schulze#:~:text=Von%201993%20bis%201997%20war%20Schulze%20Landesvorsitzende%20der%20nordrhein%2Dwestf%C3%A4lischen,Mitglied%20des%20Landtags%20Nordrhein%2DWestfalen.
#097;Horst;Seehofer;Inneres, Bau und Heimat;M;2018;2020;1949;69;CSU;Diplom an der Verwaltungs- und Wirtschaftsakademie München;7;https://de.wikipedia.org/wiki/Horst_Seehofer
#098;Rudolf;Seiters;Inneres;M;1991;1993;1937;54;CDU;2tes Staatsexam Rechtswissenschaften;7;https://de.wikipedia.org/wiki/Rudolf_Seiters#:~:text=Rudolf%20Seiters%20(*%2013.%20Oktober,2002%20Vizepr%C3%A4sident%20des%20Deutschen%20Bundestages.
#099;Jens;Spahn;Gesundheit;M;2018;2020;1980;38;CDU;Master of Arts in Politikwissenschaften;7;https://de.wikipedia.org/wiki/Jens_Spahn
#100;Carl-Dieter;Spranger;Wirtschafftliche Zusammenarbeit und Entwicklung;M;1993;1998;1939;54;CSU;2tes Staatsexam Rechtswissenschaften;7;https://de.wikipedia.org/wiki/Carl-Dieter_Spranger
#101;Peer;Steinbrücke;Finanzen;M;2005;2009;1947;58;SPD;Diplomvolkswirt (Univ.);7;https://de.wikipedia.org/wiki/Peer_Steinbr%C3%BCck
#102;Manfred;Stolpe;Verkehr, Bau- und Wohnungswesen;M;2002;2005;1936;66;SPD;Dipl.-Jurist;7;https://de.wikipedia.org/wiki/Manfred_Stolpe#:~:text=Manfred%20Stolpe%20(*%2016.,Verkehr%2C%20Bau%2D%20und%20Wohnungswesen.
#103;Franz Josef;Strauß;Finanzen;M;1966;1969;1915;51;CSU;2tes Staatsexam Lehramt;7;https://de.wikipedia.org/wiki/Franz_Josef_Strau%C3%9F
#104;Wolfgang;Tiefensee;Verkehr, Bau und Stadtentwicklung;M;2005;2009;1955;50;SPD;Diplom-Ingenieur;7;https://de.wikipedia.org/wiki/Wolfgang_Tiefensee#:~:text=Wolfgang%20Erwin%20Bernhard%20Tiefensee%20(*,Er%20ist%20seit%204.&text=Von%202012%20bis%202014%20war,Vereinigung%20Gegen%20Vergessen%20%E2%80%93%20F%C3%BCr%20Demokratie.
#105;Jürgen;Trittin;Umwelt, Naturschutz und Reaktorsicherheit;M;1998;2005;1954;44;Bündnis 90/Die Grünen;Diplom-Sozialwirt;7;https://de.wikipedia.org/wiki/J%C3%BCrgen_Trittin
#106;Heidemarie;Wieczorek-Zeul;Wirtschaftliche Zusammenarbeit und Entwicklung;W;1998;2009;1942;56;SPD;Studium Lehramt;7;https://de.wikipedia.org/wiki/Heidemarie_Wieczorek-Zeul#:~:text=Seit%201965%20ist%20Wieczorek%2DZeul,erste%20Frau%20in%20dieser%20Position.&text=Seit%201984%20ist%20sie%20Mitglied,SPD%2DBezirksverbandes%20Hessen%2DS%C3%BCd.
#107;Matthias;Wissmann;Verkehr;M;1993;1998;1949;44;CDU;2tes Staatsexam Rechtswissenschaften;7;https://de.wikipedia.org/wiki/Matthias_Wissmann#:~:text=Matthias%20Wissmann%20(*%2015.,d'Automobiles%20(OICA).&text=Seit%20Oktober%202018%20ist%20er,deutsch%2Dfranz%C3%B6sischen%20Privatbank%20Oddo%20BHF.
#108;Brigitte;Zypries;Wirtschaft und Energie;W;2017;2018;1953;64;SPD;2tes Staatsexam Rechtswissenschaften;7;https://de.wikipedia.org/wiki/Brigitte_Zypries#:~:text=Brigitte%20Zypries%20(*%2016.,Energie%20im%20Kabinett%20Merkel%20III.
#109;Hans ;Apel;Verteidigung;M;1978;1982;1932;46;SPD;Dr. rer. pol.;8;https://de.wikipedia.org/wiki/Hans_Apel#:~:text=Apel%20war%20von%201965%20bis,stellvertretender%20Vorsitzender%20der%20SPD%2DBundestagsfraktion.&text=seit%201980%20des%20Wahlkreises%20Hamburg%2DNord%20in%20den%20Bundestag%20ein.
#110;Martin;Bangemann;Wirtschaft;M;1984;1988;1934;50;FDP;Dr. jur.;8;https://de.wikipedia.org/wiki/Martin_Bangemann
#111;Katarina;Barley;Justiz und Verbraucherschutz;W;2018;2019;1968;50;SPD;Dr. jur.;8;https://de.wikipedia.org/wiki/Katarina_Barley
#112;Rainer;Barzel;Innderdeutsche Beziehungen;M;1982;1983;1924;58;CDU;Dr. jur.;8;https://de.wikipedia.org/wiki/Rainer_Barzel
#113;Christine;Bergmann;Familie, Senioren, Frauen und Jugend;W;1998;2002;1939;59;SPD;Dr. rer. nat.;8;https://de.wikipedia.org/wiki/Christine_Bergmann
#114;Sabine;Bergmann-Pohl;Besondere Aufgaben;W;1990;1991;1946;44;CDU;Dr. med.;8;https://de.wikipedia.org/wiki/Sabine_Bergmann-Pohl
#115;Norbert;Blüm;Arbeit und Sozialordnung;M;1982;1998;1935;47;CDU;Dr. phil.;8;https://de.wikipedia.org/wiki/Norbert_Bl%C3%BCm
#116;Wolfgang;Bötsch;Post und Telekommunikation;M;1993;1997;1938;55;CSU;Dr. jur. utr.;8;https://de.wikipedia.org/wiki/Wolfgang_B%C3%B6tsch
#117;Helge;Braun;Besondere Aufgaben;M;2018;2020;1972;46;CDU;Dr. med.;8;https://de.wikipedia.org/wiki/Helge_Braun
#118;Ewald;Bucher;Wohnungswesen und Städtebau;M;1965;1966;1914;51;FDP;Dr. jur.;8;https://de.wikipedia.org/wiki/Ewald_Bucher
#119;Rolf;Dahlgrün;Finanzen;M;1962;1966;1908;54;FDP;Dr. jur.;8;https://de.wikipedia.org/wiki/Rolf_Dahlgr%C3%BCn#:~:text=Er%20war%20zun%C3%A4chst%20als%20hauptamtlicher,wilderei%20nach%20%C2%A7%20292%20RStGB.
#120;Thomas;de Maiziere;Inneres;M;2013;2018;1954;59;CDU;Dr. jur.;8;https://de.wikipedia.org/wiki/Thomas_de_Maizi%C3%A8re
#121;Werner;Dollinger;Verkehr;M;1982;1987;1918;64;CSU;Dr. rer. pol.;8;https://de.wikipedia.org/wiki/Werner_Dollinger#:~:text=Januar%202008%20ebenda)%20war%20ein,bis%201987%20Bundesminister%20f%C3%BCr%20Verkehr.
#122;Horst;Ehmke;Besondere Aufgaben;M;1969;1972;1927;42;SPD;Dr. jur.;8;https://de.wikipedia.org/wiki/Horst_Ehmke#:~:text=Horst%20Ehmke%20stammte%20aus%20der,und%20geriet%20in%20sowjetische%20Kriegsgefangenschaft.
#123;Herbert;Ehrenberg;Arbeit und Sozialordnung;M;1976;1982;1926;50;SPD;Dr. rer. pol.;8;https://de.wikipedia.org/wiki/Herbert_Ehrenberg#:~:text=Herbert%20Ehrenberg%20(*%2021.,Bundesminister%20f%C3%BCr%20Arbeit%20und%20Sozialordnung.
#124;Erhard;Eppler;Wirtschaftliche Zusammenarbeit;M;1968;1974;1926;42;SPD;Dr. phil. ;8;https://de.wikipedia.org/wiki/Erhard_Eppler#:~:text=Erhard%20Eppler%20(*%209.,1974%20Bundesminister%20f%C3%BCr%20wirtschaftliche%20Zusammenarbeit.
#125;Ludwig;Erhard;Bundeskanzler;M;1963;1966;1897;66;CDU;Dr. rer. pol.;8;https://de.wikipedia.org/wiki/Ludwig_Erhard
#126;Katharina;Focke;Jugend, Familie und Gesundheit;W;1972;1976;1922;50;SPD;Dr. phil.;8;https://de.wikipedia.org/wiki/Katharina_Focke
#127;Hans-Peter;Friedrich;Ernährung und Landwirtschaft;M;2013;2014;1957;56;CSU;Dr. jur.;8;https://de.wikipedia.org/wiki/Hans-Peter_Friedrich
#128;Hans;Friedrichs;Wirtschaft;M;1972;1977;1931;41;FDP;Dr. rer. pol.;8;https://de.wikipedia.org/wiki/Hans_Friderichs
#129;Heiner;Geißler;Jugend, Familie und Gesundheit;M;1982;1985;1930;52;CDU;Dr. jur.;8;https://de.wikipedia.org/wiki/Heiner_Gei%C3%9Fler#:~:text=Heiner%20Gei%C3%9Fler%20(eigentlich%20Heinrichjosef%20Georg,ein%20deutscher%20Politiker%20(CDU).&text=Besonders%20w%C3%A4hrend%20der%20Zeit%20als,%C3%84u%C3%9Ferungen%20%C3%BCber%20politische%20Gegner%20auf.
#130;Johann Baptist ;Gradl;Vetriebene, Flüchtlinge und Kriegsgeschädigte;M;1965;1966;1904;61;CDU;Dr. rer. Pol.;8;https://de.wikipedia.org/wiki/Johann_Baptist_Gradl
#131;Otto;Graf Lambsdorff;Wirtschaft;M;1977;1984;1926;51;FDP;Dr. jur.;8;https://de.wikipedia.org/wiki/Otto_Graf_Lambsdorff
#132;Dieter;Haack;Bau- und Wohnungswesen;M;1978;1982;1934;44;SPD;Dr. jur.;8;https://de.wikipedia.org/wiki/Dieter_Haack#:~:text=Seit%201961%20ist%20Haack%20Mitglied,Mitglied%20des%20Gemeinderates%20von%20Stieldorf.
#133;Volker;Hauff;Verkehr;M;1980;1982;1940;40;SPD;Dr.rer.pol.;8;https://de.wikipedia.org/wiki/Volker_Hauff
#134;Helmut;Haussmann;Wirtschaft;M;1988;1991;1943;45;FDP;Dr. rer. pol.;8;https://de.wikipedia.org/wiki/Helmut_Haussmann#:~:text=9%20Einzelnachweise-,Leben%20und%20Beruf,KG%20in%20Bad%20Urach%20t%C3%A4tig.
#135;Bruno;Heck;Familie und Jugend;M;1963;1968;1917;46;CDU;Dr. phil.;8;https://de.wikipedia.org/wiki/Johann_Baptist_Gradl
#136;Gustav;Heinemann;Justiz;M;1966;1969;1899;67;SPD;Dr. rer. pol. / Dr. jur.;8;https://de.wikipedia.org/wiki/Gustav_Heinemann
#137;Barbara ;Hendricks;Umwelt, Naturschutz, Bau und Reaktorsicherheit;W;2013;2018;1952;61;SPD;Dr. phil.;8;https://de.wikipedia.org/wiki/Barbara_Hendricks_(Politikerin)
#138;Richard;Jaeger;Justiz;M;1965;1966;1913;52;CSU;Dr. jur.;8;https://de.wikipedia.org/wiki/Richard_Jaeger#:~:text=Richard%20Jaeger%20(*%2016.%20Februar,bis%201966%20Bundesminister%20der%20Justiz.
#139;Franz Josef;Jung;Verteidigung;M;2005;2009;1949;56;CDU;Dr. jur.;8;https://de.wikipedia.org/wiki/Franz_Josef_Jung
#140;Klaus;Kinkel;Auswärtiges;M;1992;1998;1936;56;FDP;Dr. jur.;8;https://de.wikipedia.org/wiki/Klaus_Kinkel
#141;Helmut;Kohl;Bundeskanzler;M;1982;1998;1930;52;CDU;Dr. phil.;8;https://de.wikipedia.org/wiki/Helmut_Kohl
#142;Günther ;Krause;Verkehr;M;1991;1993;1953;38;CDU;Dr.-Ing.;8;https://de.wikipedia.org/wiki/G%C3%BCnther_Krause#:~:text=Krause%20trat%201975%20der%20DDR,CDU%20in%20Mecklenburg%2DVorpommern%20gew%C3%A4hlt.&text=Am%203.%20Oktober%201990%20wurde%20er%20Mitglied%20des%20Deutschen%20Bundestages.
#143;Heinrich;Krone;Angelegenheiten des Bundesverteidigungsrates;M;1965;1966;1895;70;CDU;Dr. phil.;8;https://de.wikipedia.org/wiki/Heinrich_Krone
#144;Paul;Krüger;Forschung und Technologie;M;1993;1994;1950;43;CDU;Dr.-Ing;8;https://de.wikipedia.org/wiki/Paul_Kr%C3%BCger_(Politiker,_1950)
#145;Karl-Hans;Laermann;Bildung und Wissenschaft;M;1994;1994;1929;65;FDP;Dr.-Ing.;8;https://de.wikipedia.org/wiki/Karl-Hans_Laermann#:~:text=Nach%20dem%20Abitur%201950%20absolvierte,erfolgte%20seine%20Promotion%20zum%20Dr.&text=1971%20erfolgte%20seine%20Ernennung%20zum%20Wissenschaftlichen%20Rat%20und%20Professor%20in%20Aachen.
#146;Lauritz;Lauritzen;Verkehr;M;1972;1974;1910;62;SPD;Dr. jur.;8;https://de.wikipedia.org/wiki/Lauritz_Lauritzen#:~:text=Lauritz%20Lauritzen%20%E2%80%93%20Sohn%20von%20Fritz,%2DAlbrechts%2DUniversit%C3%A4t%20zu%20Kiel.
#147;Ursula;Lehr;Jugend, Familie und Gesundheit;W;1988;1991;1930;58;CDU;Dr. phil.;8;https://de.wikipedia.org/wiki/Ursula_Lehr#:~:text=Ursula%20Maria%20Lehr%2C%20geborene%20Leipold,%2C%20Familie%2C%20Frauen%20und%20Gesundheit.
#148;Hans;Leussink;Bildung und Wissenschaft;M;1969;1972;1912;57;Parteilos;Dr.-Ing.;8;https://de.wikipedia.org/wiki/Hans_Leussink#:~:text=Hans%20Leussink%20(*%202.%20Februar,Bundesminister%20f%C3%BCr%20Bildung%20und%20Wissenschaft.
#149;Werner;Maihofer;Inneres;M;1974;1978;1918;56;FDP;Dr. jur.;8;https://de.wikipedia.org/wiki/Werner_Maihofer#:~:text=Werner%20Maihofer%20wurde%20als%20Sohn,er%20dem%20olympischen%20Kader%20an.
#150;Erich;Mende;Gesamtdeutsche Fragen;M;1963;1966;1916;47;FDP;Dr. jur.;8;https://de.wikipedia.org/wiki/Erich_Mende
#151;Angela ;Merkel;Umwelt, Naturschutz und Reaktorsicherheit;W;1994;1998;1954;40;CDU;Dr.;8;https://de.wikipedia.org/wiki/Angela_Merkel
#152;Gerd;Müller;Wirtschaftliche Zusammenarbeit und Entwicklung;M;2013;2020;1955;58;CSU;Dr.;8;https://de.wikipedia.org/wiki/Gerd_M%C3%BCller_(Politiker,_1955)
#153;Werner;Müller;Wirtschaft;M;1998;2002;1946;52;Parteilos;Dr. phil.;8;https://de.wikipedia.org/wiki/Werner_M%C3%BCller_(Politiker,_1946)#:~:text=Wilhelm%20Werner%20M%C3%BCller%20(*%201,Manager%2C%20Hochschuldozent%20und%20parteiloser%20Politiker.&text=In%20den%20folgenden%20Jahren%20wurde,Vorstandsvorsitzender%20der%20Ruhrkohle%20AG%20bzw.
#154;Rainer;Ortleb;Bildung und Wissenschaft;M;1991;1994;1944;47;FDP;Dr. rer. Nat, Dr.-Ing.;8;https://de.wikipedia.org/wiki/Rainer_Ortleb#:~:text=Rainer%20Ortleb%20(*%205.,Bundesminister%20f%C3%BCr%20Bildung%20und%20Wissenschaft.
#155;Peter;Ramsauer;Verkehr, Bau und Stadtentwicklung;M;2009;2013;1954;55;CSU;Dr.;8;https://de.wikipedia.org/wiki/Peter_Ramsauer#:~:text=Peter%20Ramsauer%20(*%2010.%20Februar,1990%20dem%20Deutschen%20Bundestag%20an.&text=2005%20bis%202009%20war%20er,der%20CDU%2FCSU%2DBundestagsfraktion.
#156;Günter;Rexrodt;Wirtschaft;M;1993;1998;1941;52;FDP;Dr. rer. pol.;8;https://de.wikipedia.org/wiki/G%C3%BCnter_Rexrodt
#157;Heinz;Riesenhuber;Forschung und Technologie;M;1982;1993;1935;47;CDU;Dr. rer. nat.;8;https://de.wikipedia.org/wiki/Heinz_Riesenhuber#:~:text=Heinz%20Friedrich%20Ruppert%20Riesenhuber%20(*,ein%20deutscher%20Politiker%20(CDU).&text=Deutschen%20Bundestag%20(2013%E2%80%932017),Bundesminister%20f%C3%BCr%20Forschung%20und%20Technologie.
#158;Philipp;Rösler;Wirtschaft und Technologie;M;2011;2013;1973;38;FDP;Dr. med.;8;https://de.wikipedia.org/wiki/Philipp_R%C3%B6sler#:~:text=Philipp%20R%C3%B6sler%20(*%2024.%20Februar,%2C%20Vizekanzler%20und%20FDP%2DBundesvorsitzender.
#159;Norbert;Röttgen;Umwelt, Naturschutz und Reaktorsicherheit;M;2009;2012;1965;44;CDU;Dr. jur.;8;https://de.wikipedia.org/wiki/Norbert_R%C3%B6ttgen#:~:text=Norbert%20Alois%20R%C3%B6ttgen%20(*%202,der%20CDU%2FCSU%2DBundestagsfraktion.
#160;Jürgen ;Rüttgers;Bildung, Wissenschaft, Forschung und Technologie;M;1994;1998;1951;43;CDU;Dr. jur.;8;https://de.wikipedia.org/wiki/J%C3%BCrgen_R%C3%BCttgers#:~:text=Seit%201970%20ist%20R%C3%BCttgers%20Mitglied,Landesvorstand%20der%20CDU%20Nordrhein%2DWestfalen.
#161;Wolfgang;Schäuble;Finanzen;M;2009;2017;1942;67;CDU;Dr. jur.;8;https://de.wikipedia.org/wiki/Wolfgang_Sch%C3%A4uble
#162;Annette;Schavan;Bildung und Forschung;W;2005;2013;1955;50;CDU;Dr. phil.;8;https://de.wikipedia.org/wiki/Annette_Schavan#:~:text=Annette%20Schavan%20(*%2010.,und%20Sport%20in%20Baden%2DW%C3%BCrttemberg.&text=Von%20Juli%202014%20bis%20Ende,deutsche%20Botschafterin%20beim%20Heiligen%20Stuhl.
#163;Andreas;Scheuer;Vekehr und digitale Infrastruktur;M;2018;2020;1974;44;CSU;Phil. Dr.;8;https://de.wikipedia.org/wiki/Andreas_Scheuer#:~:text=Scheuer%20trat%201994%20in%20die,Landesvorstand%20der%20JU%2DBayern%20an.&text=Dezember%202013%20wurde%20Scheuer%20vom,neuen%20Generalsekret%C3%A4r%20der%20CSU%20gew%C3%A4hlt.
#164;Karl;Schiller;Wirtschaft;M;1966;1971;1911;55;SPD;Dr. rer. pol.;8;https://de.wikipedia.org/wiki/Karl_Schiller#:~:text=Karl%20August%20Fritz%20Schiller%20(*,1972%20zus%C3%A4tzlich%20Bundesminister%20der%20Finanzen.
#165;Edzard;Schmidt-Jortzig;Justiz;M;1996;1998;1941;55;FDP;Dr. jur.;8;https://de.wikipedia.org/wiki/Edzard_Schmidt-Jortzig#:~:text=Von%201997%20bis%202004%20war,gescheiterten)%20Aufbau%20der%20Privaten%20Hanseuniversit%C3%A4t.
#166;Jürgen;Schmude;Justiz;M;1981;1982;1936;45;SPD;Dr. jur.;8;https://de.wikipedia.org/wiki/J%C3%BCrgen_Schmude#:~:text=J%C3%BCrgen%20Dieter%20Paul%20Schmude%20(*,und%201982%20Bundesminister%20des%20Innern.
#167;Oscar;Schneider;Raumordnung, Bauwesen und Städtebau;M;1982;1989;1927;55;CSU;Dr. jur.;8;https://de.wikipedia.org/wiki/Oscar_Schneider#:~:text=Oscar%20Schneider%20(*%203.,f%C3%BCr%20Raumordnung%2C%20Bauwesen%20und%20St%C3%A4dtebau.
#168;Rupert;Scholz;Verteidigung;M;1988;1989;1937;51;CDU;Dr. jur.;8;https://de.wikipedia.org/wiki/Rupert_Scholz#:~:text=Rupert%20Scholz%20(*%2023.,bis%201989%20Bundesminister%20der%20Verteidigung.
#169;Kristina;Schröder;Familie, Senioren, Frauen und Jugend;W;2009;2013;1977;32;CDU;Dr. phil.;8;https://de.wikipedia.org/wiki/Kristina_Schr%C3%B6der
#170;Gerhard;Schröder;Verteidigung;M;1966;1969;1910;56;CDU;Dr. jur.;8;https://de.wikipedia.org/wiki/Gerhard_Schr%C3%B6der_(Politiker,_1910)
#171;Irmgard ;Schwaetzer;Raumordnung, Bauwesen und Städtebau;W;1991;1994;1942;49;FDP;Dr. rer. nat.;8;https://de.wikipedia.org/wiki/Irmgard_Schwaetzer#:~:text=Irmgard%20Schwaetzer%20(*%205.,f%C3%BCr%20Raumordnung%2C%20Bauwesen%20und%20St%C3%A4dtebau.
#172;Elisabeth;Schwarzhaupt;Gesundheit;W;1961;1966;1901;60;CDU;Dr. jur.;8;https://de.wikipedia.org/wiki/Elisabeth_Schwarzhaupt
#173;Christian;Schwarz-Schilling;Post und Telekommunikation;M;1989;1992;1930;59;CDU;Dr. phil.;8;https://de.wikipedia.org/wiki/Christian_Schwarz-Schilling#:~:text=Christian%20Schwarz%2DSchilling%20(*%2019,Bundesminister%20f%C3%BCr%20Post%20und%20Telekommunikation.
#174;Hans-Christoph;Seebohm;Verkehr;M;1949;1966;1903;46;CDU;Dr. ing.;8;https://de.wikipedia.org/wiki/Hans-Christoph_Seebohm
#175;Frank-Walter;Steinmeier;Auswärtiges;M;2013;2017;1956;57;SPD;Dr. jur.;8;https://de.wikipedia.org/wiki/Frank-Walter_Steinmeier
#176;Gerhard;Stoltenberg;Verteidigung;M;1989;1992;1928;61;CDU;Dr. phil.;8;https://de.wikipedia.org/wiki/Gerhard_Stoltenberg#:~:text=Seit%201947%20war%20Stoltenberg%20Mitglied,der%20CDU%20in%20Schleswig%2DHolstein.&text=Seit%201969%20war%20er%20stellvertretender,geh%C3%B6rte%20dem%20CDU%2DPr%C3%A4sidium%20an.
#177;Peter;Struck;Verteidigung;M;2002;2005;1943;59;SPD;Dr. jur.;8;https://de.wikipedia.org/wiki/Peter_Struck#:~:text=Dezember%202012%20in%20Berlin)%20war,war%20er%20Bundesminister%20der%20Verteidigung.
#178;Rita;Süssmuth;Jugend, Familie, Frauen und Gesundheit;W;1986;1988;1937;49;CDU;Dr. phil.;8;https://de.wikipedia.org/wiki/Rita_S%C3%BCssmuth#:~:text=Rita%20S%C3%BCssmuth%20(geb.,1998%20Pr%C3%A4sidentin%20des%20Deutschen%20Bundestages.
#179;Klaus;Töpfer;Raumordnung, Bauwesen und Städtebau;M;1994;1998;1938;56;CDU;Dr. rer. pol.;8;https://de.wikipedia.org/wiki/Klaus_T%C3%B6pfer#:~:text=Klaus%20T%C3%B6pfer%20(*%2029.%20Juli,der%20Regierung%20von%20Helmut%20Kohl.
#180;Hans-Jochen;Vogel;Justiz;M;1974;1981;1926;48;SPD;Dr. jur.;8;https://de.wikipedia.org/wiki/Hans-Jochen_Vogel#:~:text=Hans%2DJochen%20Vogel%20(*%203,bis%201972%20Oberb%C3%BCrgermeister%20von%20M%C3%BCnchen.&text=Er%20war%20von%201972%20bis,bis%201981%20Bundesminister%20der%20Justiz.
#181;Andreas;von Bülow;Forschung und Technologie;M;1980;1982;1937;43;SPD;Dr. jur.;8;https://de.wikipedia.org/wiki/Andreas_von_B%C3%BClow#:~:text=Von%201968%20bis%201975%20war,B%C3%BClow%20Mitglied%20des%20Deutschen%20Bundestages.&text=Von%201976%20bis%201980%20war%20B%C3%BClow%20Parlamentarischer%20Staatssekret%C3%A4r%20beim%20Bundesminister,in%20Princeton%20(USA)%20teil.
#182;Ursula;von der Leyen;Verteidigung;W;2013;2019;1958;55;CDU;Dr. ;8;https://de.wikipedia.org/wiki/Ursula_von_der_Leyen
#183;Klaus;von Dohnanyi;Bildung und Wissenschaft;M;1972;1974;1928;44;SPD;Dr. jur.;8;https://de.wikipedia.org/wiki/Klaus_von_Dohnanyi#:~:text=Klaus%20Karl%20Anton%20von%20Dohnanyi,der%20Freien%20und%20Hansestadt%20Hamburg.
#184;Karl-Theodor ;von und zu Guttenberg;Verteidigung;M;2009;2011;1971;38;CSU;Dr. jur.;8;https://de.wikipedia.org/wiki/Karl-Theodor_zu_Guttenberg
#185;Theo;Waigel;Finanzen;M;1989;1998;1939;50;CSU;Dr. iuris;8;https://de.wikipedia.org/wiki/Theo_Waigel#:~:text=Theodor%20%E2%80%9ETheo%E2%80%9C%20Waigel%20(*%2022,zum%20Ehrenvorsitzenden%20der%20CSU%20gew%C3%A4hlt.
#186;Walter ;Wallmann;Umwelt, Naturschutz und Reaktorsicherheit;M;1986;1987;1932;54;CDU;Dr. jur.;8;https://de.wikipedia.org/wiki/Walter_Wallmann#:~:text=Wallmann%20war%20bei%20der%20Kommunalwahl,der%20Stadt%20Frankfurt%20am%20Main.&text=Von%201985%20bis%201986%20war,au%C3%9Ferdem%20Pr%C3%A4sident%20des%20Deutschen%20St%C3%A4dtetags.
#187;Hansjoachim;Walther;Besondere Aufgaben;M;1990;1991;1939;51;DSU;Dr. rer. nat.;8;https://de.wikipedia.org/wiki/Hansjoachim_Walther#:~:text=Hansjoachim%20Walther%20(*%2016.,er%20Bundesminister%20f%C3%BCr%20besondere%20Aufgaben.
#188;Johanna;Wanka;Bildung und Forschung;W;2013;2018;1951;62;CDU;Dr. rer. nat.;8;https://de.wikipedia.org/wiki/Johanna_Wanka
#189;Jürgen;Warnke;Wirtschaftliche Zusammenarbeit;M;1989;1991;1932;57;CSU;Dr. jur.;8;https://de.wikipedia.org/wiki/J%C3%BCrgen_Warnke
#190;Karl;Weber;Justiz;M;1965;1965;1898;67;CDU;Dr. jur.;8;https://de.wikipedia.org/wiki/Karl_Weber_(Politiker,_1898)
#191;Guido;Westerwelle;Auswärtiges;M;2009;2013;1961;48;FDP;Dr. jur.;8;https://de.wikipedia.org/wiki/Guido_Westerwelle
#192;Ludger;Westrick;Besondere Aufgaben;M;1964;1966;1894;70;CDU;Dr. jur.;8;https://de.wikipedia.org/wiki/Ludger_Westrick
#193;Dorothee;Wilms;Innderdeutsche Beziehungen;W;1987;1991;1929;58;CDU;Dr. rer. pol.;8;https://de.wikipedia.org/wiki/Dorothee_Wilms#:~:text=Dorothee%20Margarethe%20Elisabeth%20Wilms%20(*,letzte%20Bundesministerin%20f%C3%BCr%20innerdeutsche%20Beziehungen.
#194;Manfred;Wörner;Verteidigung;M;1982;1988;1934;48;CDU;Dr. jur.;8;https://de.wikipedia.org/wiki/Manfred_W%C3%B6rner#:~:text=Manfred%20Hermann%20W%C3%B6rner%20(*%2024,Reserveoffizier%20der%20Luftwaffe%20(Oberstleutnant%20d.&text=Er%20war%20von%201965%20bis,bis%201980%20Vorsitzender%20des%20Verteidigungsausschusses.
#195;Friedrich;Zimmermann;Verkehr;M;1989;1991;1925;64;CSU;Dr. jur.;8;https://de.wikipedia.org/wiki/Friedrich_Zimmermann#:~:text=Friedrich%20Walter%20Zimmermann%20(auch%20Fritz,bis%201991%20Bundesminister%20f%C3%BCr%20Verkehr.